{
  "__type__": "cc.SpriteFrame",
  "content": {
    "name": "victory",
    "atlas": "",
    "rect": {
      "x": 3,
      "y": 338,
      "width": 1018,
      "height": 348
    },
    "offset": {
      "x": 0,
      "y": 0
    },
    "originalSize": {
      "width": 1024,
      "height": 1024
    },
    "rotated": false,
    "capInsets": [
      0,
      0,
      0,
      0
    ],
    "vertices": {
      "rawPosition": [
        -509,
        -174,
        0,
        509,
        -174,
        0,
        -509,
        174,
        0,
        509,
        174,
        0
      ],
      "indexes": [
        0,
        1,
        2,
        2,
        1,
        3
      ],
      "uv": [
        3,
        686,
        1021,
        686,
        3,
        338,
        1021,
        338
      ],
      "nuv": [
        0.0029296875,
        0.330078125,
        0.9970703125,
        0.330078125,
        0.0029296875,
        0.669921875,
        0.9970703125,
        0.669921875
      ],
      "minPos": {
        "x": -509,
        "y": -174,
        "z": 0
      },
      "maxPos": {
        "x": 509,
        "y": 174,
        "z": 0
      }
    },
    "texture": "20ca7ed2-8f80-47c9-b324-cfba6e71c42d@6c48a",
    "packable": true,
    "pixelsToUnit": 100,
    "pivot": {
      "x": 0.5,
      "y": 0.5
    },
    "meshType": 0
  }
}